Товар,Цена,Ссылка
Холодильник SAMSUNG RB33J3200SA/UA,18 479 ₴,https://bt.rozetka.com.ua/11117173/p11117173/
Холодильник BEKO CNA295K20XP,10 999 ₴,https://bt.rozetka.com.ua/beko_cna_295_k20xp/p191139082/
Холодильник MIDEA MDRT294FGF28W,7 059 ₴,https://bt.rozetka.com.ua/midea_mdrt294fgf28w/p311688708/
Холодильник BEKO RDSA240K20XB,9 239 ₴,https://bt.rozetka.com.ua/beko_rdsa240k20xb/p251811161/
Холодильник VESTFROST CW286X,9 529 ₴,https://bt.rozetka.com.ua/vestfrost_cw286x/p79988648/
Холодильник LIEBHERR Tb 1400,9 459 ₴,https://bt.rozetka.com.ua/liebherr_tb_1400/p7403447/
Холодильник VESTFROST CW286B,9 624 ₴,https://bt.rozetka.com.ua/vestfrost-cw286b/p308332278/
Холодильник VESTFROST CX 232 B,6 929 ₴,https://bt.rozetka.com.ua/vestfrost_cx_232_b/p265460741/
Холодильник WHIRLPOOL ART 6711/A++ SF,18 799 ₴,https://bt.rozetka.com.ua/1382252/p1382252/
Холодильник WHIRLPOOL SP40 801 EU,36 899 ₴,https://bt.rozetka.com.ua/whirlpool_sp40_801_eu/p28437961/
Холодильник SAMSUNG RS62R50314G/UA,46 199 ₴,https://bt.rozetka.com.ua/samsung_rs62r50314g_ua/p152577293/
Холодильник LG GC-B247JEDV,33 599 ₴,https://bt.rozetka.com.ua/lg_gc-b247jedv/p242664181/
Холодильник BOSCH KGN39VL316,17 599 ₴,https://bt.rozetka.com.ua/bosch_kgn39vl316/p130057212/
Холодильник BOSCH KGN36NL306,15 399 ₴,https://bt.rozetka.com.ua/bosch_kgn36nl306/p17683998/
Холодильник SAMSUNG BRB307054WW/UA,30 799 ₴,https://bt.rozetka.com.ua/samsung_brb307054ww_ua/p300212878/
Холодильник ELENBERG TMF 143,6 599 ₴,https://bt.rozetka.com.ua/elenberg_tmf_143/p211410091/
Холодильник Gorenje NRK6202CLI,24 089 ₴,https://bt.rozetka.com.ua/gorenje-nrk6202cli/p319524931/
Холодильник SAMSUNG RS66A8100S9/UA,37 399 ₴,https://bt.rozetka.com.ua/samsung_rs66a8100s9_ua/p288632473/
Холодильник BEKO BSSA315K2S,16 999 ₴,https://bt.rozetka.com.ua/beko_bssa315k2s/p251806586/
Холодильник MIDEA MDRT294FGF01,7 149 ₴,https://bt.rozetka.com.ua/midea_mdrt294fgf01/p311671898/
Холодильник ARCTIC ARSX-087,5 279 ₴,https://bt.rozetka.com.ua/arctic_arsx-087/p165481849/
Холодильник ARCTIC AMX-088,4 129 ₴,https://bt.rozetka.com.ua/arctic_amx_088/p124462922/
Холодильник AEG SCR818E7TS,36 959 ₴,https://bt.rozetka.com.ua/aeg-7332543760176/p334733581/
Холодильник BEKO RSNE445E22,14 365 ₴,https://bt.rozetka.com.ua/beko_rsne_445e22/p17025319/
Холодильник WHIRLPOOL W5 911E W,13 085 ₴,https://bt.rozetka.com.ua/whirlpool_w5_911e_w/p91606676/
Холодильник Prime Technics RTS 1301 M,7 129 ₴,https://bt.rozetka.com.ua/prime_technics_rts_1301_m/p103986162/
Холодильник Whirlpool WQ9B2L,59 150 ₴,https://bt.rozetka.com.ua/301208933/p301208933/
Холодильник Whirlpool W7 911O OX,24 841 ₴,https://bt.rozetka.com.ua/301210428/p301210428/
Холодильник Whirlpool ART9620A+NF,34 269 ₴,https://bt.rozetka.com.ua/301213583/p301213583/
LG GC-Q22FTBKL,67 195 ₴,https://bt.rozetka.com.ua/259285171/p259285171/
Холодильник Whirlpool WHC18 T341,31 579 ₴,https://bt.rozetka.com.ua/301211053/p301211053/
Холодильник Indesit INC18 T311,26 872 ₴,https://bt.rozetka.com.ua/301212923/p301212923/
Холодильник ELENBERG MRF 229,9 190 ₴,https://bt.rozetka.com.ua/276450713/p276450713/
Холодильник Ardesto DTF-M212X143,7 852 ₴,https://bt.rozetka.com.ua/303268823/p303268823/
Холодильник GORENJE RK6191ES4,16 799 ₴,https://bt.rozetka.com.ua/301212453/p301212453/
LG GR-H802HEHZ,40 756 ₴,https://bt.rozetka.com.ua/259279531/p259279531/
Холодильник Liebherr CN 4015 Comfort,38 990 ₴,https://bt.rozetka.com.ua/301208408/p301208408/
Liebherr CNef 4313,22 046 ₴,https://bt.rozetka.com.ua/286061528/p286061528/
Холодильник GORENJE R6191DX,22 851 ₴,https://bt.rozetka.com.ua/301211393/p301211393/
Холодильник GORENJE NRS9182VB,48 404 ₴,https://bt.rozetka.com.ua/301208578/p301208578/
LG GC-B247SMDC,43 246 ₴,https://bt.rozetka.com.ua/259283266/p259283266/
Холодильник Whirlpool W5 811E OX,17 538 ₴,https://bt.rozetka.com.ua/301208313/p301208313/
LG GC-Q247CADC,66 982 ₴,https://bt.rozetka.com.ua/259283331/p259283331/
Холодильник Whirlpool ART9811A++SF,30 866 ₴,https://bt.rozetka.com.ua/301213288/p301213288/
Холодильник Indesit LI7 SN1E X,19 488 ₴,https://bt.rozetka.com.ua/301211438/p301211438/
Indesit TIA 14 S AA UA,11 098 ₴,https://bt.rozetka.com.ua/259284936/p259284936/
Холодильник Liebherr CP 4813 Comfort,31 592 ₴,https://bt.rozetka.com.ua/301212188/p301212188/
Indesit DS 3201 W (UA),13 708 ₴,https://bt.rozetka.com.ua/94174904/p94174904/
Двухкамерный холодильник LG GA-B379SLUL,16 871 ₴,https://bt.rozetka.com.ua/269557116/p269557116/
Холодильник Whirlpool W7 811I K,20 833 ₴,https://bt.rozetka.com.ua/301209463/p301209463/
Холодильник Sharp SJ-F2713E0I-EU,806 950 ₴,https://bt.rozetka.com.ua/301211628/p301211628/
Холодильник Beko RCSA 350 K 21 PT,14 949 ₴,https://bt.rozetka.com.ua/157083627/p157083627/
Холодильник Whirlpool W9 931D KS,36 972 ₴,https://bt.rozetka.com.ua/301208938/p301208938/
Холодильник ZANUSSI ZTAN14FW0,7 962 ₴,https://bt.rozetka.com.ua/320483578/p320483578/
Холодильник PRIME Technics RTS 1421 MС,8 715 ₴,https://bt.rozetka.com.ua/270881646/p270881646/
Холодильник GORENJE NRK I2181 A1,30 907 ₴,https://bt.rozetka.com.ua/301209443/p301209443/
Холодильник Liberty HR-65 W,3 699 ₴,https://bt.rozetka.com.ua/319441108/p319441108/
Холодильник GORENJE NRK6202AXL4,25 541 ₴,https://bt.rozetka.com.ua/301211903/p301211903/
Холодильник Whirlpool ART963ANF,31 512 ₴,https://bt.rozetka.com.ua/301210963/p301210963/
Холодильник BEKO RCSA 366K 31W,11 009 ₴,https://bt.rozetka.com.ua/273759338/p273759338/
